timestamp,event,level,method,url,endpoint,statusCode,durationMs,rateLimitRemaining,error
2026-04-07T22:47:00.491Z,auth.cookies_set,info,,,,,,,Set 2 cookies
2026-04-07T22:47:00.494Z,http.request,debug,GET,https://api.x.com/graphql/YCNdW_ZytXfV9YR3cJK9kw/TweetDetail?variables=%7B%22focalTweetId%22%3A%221585338303800578049%22%2C%22includePromotedContent%22%3Atrue%2C%22rankingMode%22%3A%22Relevance%22%2C%22withBirdwatchNotes%22%3Atrue%2C%22withCommunity%22%3Atrue%2C%22withQuickPromoteEligibilityTweetFields%22%3Atrue%2C%22withVoice%22%3Atrue%2C%22with_rux_injections%22%3Afalse%7D&features=%7B%22articles_preview_enabled%22%3Atrue%2C%22c9s_tweet_anatomy_moderator_badge_enabled%22%3Atrue%2C%22communities_web_enable_tweet_community_results_fetch%22%3Atrue%2C%22creator_subscriptions_tweet_preview_api_enabled%22%3Atrue%2C%22freedom_of_speech_not_reach_fetch_enabled%22%3Atrue%2C%22graphql_is_translatable_rweb_tweet_is_translatable_enabled%22%3Atrue%2C%22longform_notetweets_consumption_enabled%22%3Atrue%2C%22longform_notetweets_inline_media_enabled%22%3Atrue%2C%22longform_notetweets_rich_text_read_enabled%22%3Atrue%2C%22post_ctas_fetch_enabled%22%3Atrue%2C%22premium_content_api_read_enabled%22%3Afalse%2C%22profile_label_improvements_pcf_label_in_post_enabled%22%3Atrue%2C%22responsive_web_edit_tweet_api_enabled%22%3Atrue%2C%22responsive_web_enhance_cards_enabled%22%3Afalse%2C%22responsive_web_graphql_skip_user_profile_image_extensions_enabled%22%3Afalse%2C%22responsive_web_graphql_timeline_navigation_enabled%22%3Atrue%2C%22responsive_web_grok_analysis_button_from_backend%22%3Atrue%2C%22responsive_web_grok_analyze_button_fetch_trends_enabled%22%3Afalse%2C%22responsive_web_grok_analyze_post_followups_enabled%22%3Atrue%2C%22responsive_web_grok_annotations_enabled%22%3Atrue%2C%22responsive_web_grok_community_note_auto_translation_is_enabled%22%3Afalse%2C%22responsive_web_grok_image_annotation_enabled%22%3Atrue%2C%22responsive_web_grok_imagine_annotation_enabled%22%3Atrue%2C%22responsive_web_grok_share_attachment_enabled%22%3Atrue%2C%22responsive_web_grok_show_grok_translated_post%22%3Atrue%2C%22responsive_web_jetfuel_frame%22%3Atrue%2C%22responsive_web_profile_redirect_enabled%22%3Afalse%2C%22responsive_web_twitter_article_tweet_consumption_enabled%22%3Atrue%2C%22rweb_tipjar_consumption_enabled%22%3Afalse%2C%22rweb_video_screen_enabled%22%3Afalse%2C%22standardized_nudges_misinfo%22%3Atrue%2C%22tweet_awards_web_tipping_enabled%22%3Afalse%2C%22tweet_with_visibility_results_prefer_gql_limited_actions_policy_enabled%22%3Atrue%2C%22verified_phone_label_enabled%22%3Afalse%2C%22view_counts_everywhere_api_enabled%22%3Atrue%7D&fieldToggles=%7B%22withArticlePlainText%22%3Afalse%2C%22withArticleRichContentState%22%3Atrue%2C%22withDisallowedReplyControls%22%3Afalse%2C%22withGrokAnalyze%22%3Afalse%7D,TweetDetail,,,,
2026-04-07T22:47:01.979Z,http.response,info,GET,https://api.x.com/graphql/YCNdW_ZytXfV9YR3cJK9kw/TweetDetail?variables=%7B%22focalTweetId%22%3A%221585338303800578049%22%2C%22includePromotedContent%22%3Atrue%2C%22rankingMode%22%3A%22Relevance%22%2C%22withBirdwatchNotes%22%3Atrue%2C%22withCommunity%22%3Atrue%2C%22withQuickPromoteEligibilityTweetFields%22%3Atrue%2C%22withVoice%22%3Atrue%2C%22with_rux_injections%22%3Afalse%7D&features=%7B%22articles_preview_enabled%22%3Atrue%2C%22c9s_tweet_anatomy_moderator_badge_enabled%22%3Atrue%2C%22communities_web_enable_tweet_community_results_fetch%22%3Atrue%2C%22creator_subscriptions_tweet_preview_api_enabled%22%3Atrue%2C%22freedom_of_speech_not_reach_fetch_enabled%22%3Atrue%2C%22graphql_is_translatable_rweb_tweet_is_translatable_enabled%22%3Atrue%2C%22longform_notetweets_consumption_enabled%22%3Atrue%2C%22longform_notetweets_inline_media_enabled%22%3Atrue%2C%22longform_notetweets_rich_text_read_enabled%22%3Atrue%2C%22post_ctas_fetch_enabled%22%3Atrue%2C%22premium_content_api_read_enabled%22%3Afalse%2C%22profile_label_improvements_pcf_label_in_post_enabled%22%3Atrue%2C%22responsive_web_edit_tweet_api_enabled%22%3Atrue%2C%22responsive_web_enhance_cards_enabled%22%3Afalse%2C%22responsive_web_graphql_skip_user_profile_image_extensions_enabled%22%3Afalse%2C%22responsive_web_graphql_timeline_navigation_enabled%22%3Atrue%2C%22responsive_web_grok_analysis_button_from_backend%22%3Atrue%2C%22responsive_web_grok_analyze_button_fetch_trends_enabled%22%3Afalse%2C%22responsive_web_grok_analyze_post_followups_enabled%22%3Atrue%2C%22responsive_web_grok_annotations_enabled%22%3Atrue%2C%22responsive_web_grok_community_note_auto_translation_is_enabled%22%3Afalse%2C%22responsive_web_grok_image_annotation_enabled%22%3Atrue%2C%22responsive_web_grok_imagine_annotation_enabled%22%3Atrue%2C%22responsive_web_grok_share_attachment_enabled%22%3Atrue%2C%22responsive_web_grok_show_grok_translated_post%22%3Atrue%2C%22responsive_web_jetfuel_frame%22%3Atrue%2C%22responsive_web_profile_redirect_enabled%22%3Afalse%2C%22responsive_web_twitter_article_tweet_consumption_enabled%22%3Atrue%2C%22rweb_tipjar_consumption_enabled%22%3Afalse%2C%22rweb_video_screen_enabled%22%3Afalse%2C%22standardized_nudges_misinfo%22%3Atrue%2C%22tweet_awards_web_tipping_enabled%22%3Afalse%2C%22tweet_with_visibility_results_prefer_gql_limited_actions_policy_enabled%22%3Atrue%2C%22verified_phone_label_enabled%22%3Afalse%2C%22view_counts_everywhere_api_enabled%22%3Atrue%7D&fieldToggles=%7B%22withArticlePlainText%22%3Afalse%2C%22withArticleRichContentState%22%3Atrue%2C%22withDisallowedReplyControls%22%3Afalse%2C%22withGrokAnalyze%22%3Afalse%7D,TweetDetail,200,1485,149,
2026-04-07T22:47:01.984Z,http.request,debug,GET,https://api.x.com/graphql/AWbeRIdkLtqTRN7yL_H8yw/UserByScreenName?variables=%7B%22screen_name%22%3A%22twitter%22%2C%22withGrokTranslatedBio%22%3Atrue%7D&features=%7B%22creator_subscriptions_tweet_preview_api_enabled%22%3Atrue%2C%22hidden_profile_subscriptions_enabled%22%3Atrue%2C%22highlights_tweets_tab_ui_enabled%22%3Atrue%2C%22profile_label_improvements_pcf_label_in_post_enabled%22%3Atrue%2C%22responsive_web_graphql_skip_user_profile_image_extensions_enabled%22%3Afalse%2C%22responsive_web_graphql_timeline_navigation_enabled%22%3Atrue%2C%22responsive_web_profile_redirect_enabled%22%3Afalse%2C%22responsive_web_twitter_article_notes_tab_enabled%22%3Atrue%2C%22rweb_tipjar_consumption_enabled%22%3Afalse%2C%22subscriptions_feature_can_gift_premium%22%3Atrue%2C%22subscriptions_verification_info_is_identity_verified_enabled%22%3Atrue%2C%22subscriptions_verification_info_verified_since_enabled%22%3Atrue%2C%22verified_phone_label_enabled%22%3Afalse%7D&fieldToggles=%7B%22withAuxiliaryUserLabels%22%3Atrue%2C%22withPayments%22%3Afalse%7D,UserByScreenName,,,,
2026-04-07T22:47:02.179Z,http.response,info,GET,https://api.x.com/graphql/AWbeRIdkLtqTRN7yL_H8yw/UserByScreenName?variables=%7B%22screen_name%22%3A%22twitter%22%2C%22withGrokTranslatedBio%22%3Atrue%7D&features=%7B%22creator_subscriptions_tweet_preview_api_enabled%22%3Atrue%2C%22hidden_profile_subscriptions_enabled%22%3Atrue%2C%22highlights_tweets_tab_ui_enabled%22%3Atrue%2C%22profile_label_improvements_pcf_label_in_post_enabled%22%3Atrue%2C%22responsive_web_graphql_skip_user_profile_image_extensions_enabled%22%3Afalse%2C%22responsive_web_graphql_timeline_navigation_enabled%22%3Atrue%2C%22responsive_web_profile_redirect_enabled%22%3Afalse%2C%22responsive_web_twitter_article_notes_tab_enabled%22%3Atrue%2C%22rweb_tipjar_consumption_enabled%22%3Afalse%2C%22subscriptions_feature_can_gift_premium%22%3Atrue%2C%22subscriptions_verification_info_is_identity_verified_enabled%22%3Atrue%2C%22subscriptions_verification_info_verified_since_enabled%22%3Atrue%2C%22verified_phone_label_enabled%22%3Afalse%7D&fieldToggles=%7B%22withAuxiliaryUserLabels%22%3Atrue%2C%22withPayments%22%3Afalse%7D,UserByScreenName,200,195,149,
2026-04-07T22:47:02.180Z,http.request,debug,GET,https://api.x.com/graphql/AWbeRIdkLtqTRN7yL_H8yw/UserByScreenName?variables=%7B%22screen_name%22%3A%22twitter%22%2C%22withGrokTranslatedBio%22%3Atrue%7D&features=%7B%22creator_subscriptions_tweet_preview_api_enabled%22%3Atrue%2C%22hidden_profile_subscriptions_enabled%22%3Atrue%2C%22highlights_tweets_tab_ui_enabled%22%3Atrue%2C%22profile_label_improvements_pcf_label_in_post_enabled%22%3Atrue%2C%22responsive_web_graphql_skip_user_profile_image_extensions_enabled%22%3Afalse%2C%22responsive_web_graphql_timeline_navigation_enabled%22%3Atrue%2C%22responsive_web_profile_redirect_enabled%22%3Afalse%2C%22responsive_web_twitter_article_notes_tab_enabled%22%3Atrue%2C%22rweb_tipjar_consumption_enabled%22%3Afalse%2C%22subscriptions_feature_can_gift_premium%22%3Atrue%2C%22subscriptions_verification_info_is_identity_verified_enabled%22%3Atrue%2C%22subscriptions_verification_info_verified_since_enabled%22%3Atrue%2C%22verified_phone_label_enabled%22%3Afalse%7D&fieldToggles=%7B%22withAuxiliaryUserLabels%22%3Atrue%2C%22withPayments%22%3Afalse%7D,UserByScreenName,,,,
2026-04-07T22:47:02.385Z,http.response,info,GET,https://api.x.com/graphql/AWbeRIdkLtqTRN7yL_H8yw/UserByScreenName?variables=%7B%22screen_name%22%3A%22twitter%22%2C%22withGrokTranslatedBio%22%3Atrue%7D&features=%7B%22creator_subscriptions_tweet_preview_api_enabled%22%3Atrue%2C%22hidden_profile_subscriptions_enabled%22%3Atrue%2C%22highlights_tweets_tab_ui_enabled%22%3Atrue%2C%22profile_label_improvements_pcf_label_in_post_enabled%22%3Atrue%2C%22responsive_web_graphql_skip_user_profile_image_extensions_enabled%22%3Afalse%2C%22responsive_web_graphql_timeline_navigation_enabled%22%3Atrue%2C%22responsive_web_profile_redirect_enabled%22%3Afalse%2C%22responsive_web_twitter_article_notes_tab_enabled%22%3Atrue%2C%22rweb_tipjar_consumption_enabled%22%3Afalse%2C%22subscriptions_feature_can_gift_premium%22%3Atrue%2C%22subscriptions_verification_info_is_identity_verified_enabled%22%3Atrue%2C%22subscriptions_verification_info_verified_since_enabled%22%3Atrue%2C%22verified_phone_label_enabled%22%3Afalse%7D&fieldToggles=%7B%22withAuxiliaryUserLabels%22%3Atrue%2C%22withPayments%22%3Afalse%7D,UserByScreenName,200,205,148,
2026-04-07T22:47:02.386Z,scrape.start,info,,,searchTweets,,,,
2026-04-07T22:47:02.387Z,http.request,debug,POST,https://api.x.com/graphql/ML-n2SfAxx5S_9QMqNejbg/SearchTimeline,SearchTimeline,,,,
2026-04-07T22:47:04.515Z,http.response,info,POST,https://api.x.com/graphql/ML-n2SfAxx5S_9QMqNejbg/SearchTimeline,SearchTimeline,200,2128,186,
2026-04-07T22:47:05.431Z,http.request,debug,POST,https://api.x.com/graphql/ML-n2SfAxx5S_9QMqNejbg/SearchTimeline,SearchTimeline,,,,
2026-04-07T22:47:07.309Z,http.response,info,POST,https://api.x.com/graphql/ML-n2SfAxx5S_9QMqNejbg/SearchTimeline,SearchTimeline,200,1878,185,
2026-04-07T22:47:07.311Z,scrape.complete,info,,,searchTweets,,4925,,
2026-04-07T22:47:07.311Z,scrape.start,info,,,searchTweets,,,,
2026-04-07T22:47:07.312Z,http.request,debug,POST,https://api.x.com/graphql/ML-n2SfAxx5S_9QMqNejbg/SearchTimeline,SearchTimeline,,,,
2026-04-07T22:47:07.983Z,http.response,info,POST,https://api.x.com/graphql/ML-n2SfAxx5S_9QMqNejbg/SearchTimeline,SearchTimeline,200,671,184,
2026-04-07T22:47:07.985Z,scrape.complete,info,,,searchTweets,,674,,
2026-04-07T22:47:07.985Z,scrape.start,info,,,getTweets,,,,
2026-04-07T22:47:07.985Z,http.request,debug,GET,https://api.x.com/graphql/N2tFDY-MlrLxXJ9F_ZxJGA/UserTweets?variables=%7B%22count%22%3A5%2C%22includePromotedContent%22%3Afalse%2C%22userId%22%3A%221683696495198089217%22%2C%22withQuickPromoteEligibilityTweetFields%22%3Atrue%2C%22withVoice%22%3Atrue%7D&features=%7B%22articles_preview_enabled%22%3Atrue%2C%22c9s_tweet_anatomy_moderator_badge_enabled%22%3Atrue%2C%22communities_web_enable_tweet_community_results_fetch%22%3Atrue%2C%22creator_subscriptions_tweet_preview_api_enabled%22%3Atrue%2C%22freedom_of_speech_not_reach_fetch_enabled%22%3Atrue%2C%22graphql_is_translatable_rweb_tweet_is_translatable_enabled%22%3Atrue%2C%22longform_notetweets_consumption_enabled%22%3Atrue%2C%22longform_notetweets_inline_media_enabled%22%3Atrue%2C%22longform_notetweets_rich_text_read_enabled%22%3Atrue%2C%22post_ctas_fetch_enabled%22%3Atrue%2C%22premium_content_api_read_enabled%22%3Afalse%2C%22profile_label_improvements_pcf_label_in_post_enabled%22%3Atrue%2C%22responsive_web_edit_tweet_api_enabled%22%3Atrue%2C%22responsive_web_enhance_cards_enabled%22%3Afalse%2C%22responsive_web_graphql_skip_user_profile_image_extensions_enabled%22%3Afalse%2C%22responsive_web_graphql_timeline_navigation_enabled%22%3Atrue%2C%22responsive_web_grok_analysis_button_from_backend%22%3Atrue%2C%22responsive_web_grok_analyze_button_fetch_trends_enabled%22%3Afalse%2C%22responsive_web_grok_analyze_post_followups_enabled%22%3Atrue%2C%22responsive_web_grok_annotations_enabled%22%3Atrue%2C%22responsive_web_grok_community_note_auto_translation_is_enabled%22%3Afalse%2C%22responsive_web_grok_image_annotation_enabled%22%3Atrue%2C%22responsive_web_grok_imagine_annotation_enabled%22%3Atrue%2C%22responsive_web_grok_share_attachment_enabled%22%3Atrue%2C%22responsive_web_grok_show_grok_translated_post%22%3Atrue%2C%22responsive_web_jetfuel_frame%22%3Atrue%2C%22responsive_web_profile_redirect_enabled%22%3Afalse%2C%22responsive_web_twitter_article_tweet_consumption_enabled%22%3Atrue%2C%22rweb_tipjar_consumption_enabled%22%3Afalse%2C%22rweb_video_screen_enabled%22%3Afalse%2C%22standardized_nudges_misinfo%22%3Atrue%2C%22tweet_awards_web_tipping_enabled%22%3Afalse%2C%22tweet_with_visibility_results_prefer_gql_limited_actions_policy_enabled%22%3Atrue%2C%22verified_phone_label_enabled%22%3Afalse%2C%22view_counts_everywhere_api_enabled%22%3Atrue%7D&fieldToggles=%7B%22withArticlePlainText%22%3Afalse%7D,UserTweets,,,,
2026-04-07T22:47:08.157Z,http.response,info,GET,https://api.x.com/graphql/N2tFDY-MlrLxXJ9F_ZxJGA/UserTweets?variables=%7B%22count%22%3A5%2C%22includePromotedContent%22%3Afalse%2C%22userId%22%3A%221683696495198089217%22%2C%22withQuickPromoteEligibilityTweetFields%22%3Atrue%2C%22withVoice%22%3Atrue%7D&features=%7B%22articles_preview_enabled%22%3Atrue%2C%22c9s_tweet_anatomy_moderator_badge_enabled%22%3Atrue%2C%22communities_web_enable_tweet_community_results_fetch%22%3Atrue%2C%22creator_subscriptions_tweet_preview_api_enabled%22%3Atrue%2C%22freedom_of_speech_not_reach_fetch_enabled%22%3Atrue%2C%22graphql_is_translatable_rweb_tweet_is_translatable_enabled%22%3Atrue%2C%22longform_notetweets_consumption_enabled%22%3Atrue%2C%22longform_notetweets_inline_media_enabled%22%3Atrue%2C%22longform_notetweets_rich_text_read_enabled%22%3Atrue%2C%22post_ctas_fetch_enabled%22%3Atrue%2C%22premium_content_api_read_enabled%22%3Afalse%2C%22profile_label_improvements_pcf_label_in_post_enabled%22%3Atrue%2C%22responsive_web_edit_tweet_api_enabled%22%3Atrue%2C%22responsive_web_enhance_cards_enabled%22%3Afalse%2C%22responsive_web_graphql_skip_user_profile_image_extensions_enabled%22%3Afalse%2C%22responsive_web_graphql_timeline_navigation_enabled%22%3Atrue%2C%22responsive_web_grok_analysis_button_from_backend%22%3Atrue%2C%22responsive_web_grok_analyze_button_fetch_trends_enabled%22%3Afalse%2C%22responsive_web_grok_analyze_post_followups_enabled%22%3Atrue%2C%22responsive_web_grok_annotations_enabled%22%3Atrue%2C%22responsive_web_grok_community_note_auto_translation_is_enabled%22%3Afalse%2C%22responsive_web_grok_image_annotation_enabled%22%3Atrue%2C%22responsive_web_grok_imagine_annotation_enabled%22%3Atrue%2C%22responsive_web_grok_share_attachment_enabled%22%3Atrue%2C%22responsive_web_grok_show_grok_translated_post%22%3Atrue%2C%22responsive_web_jetfuel_frame%22%3Atrue%2C%22responsive_web_profile_redirect_enabled%22%3Afalse%2C%22responsive_web_twitter_article_tweet_consumption_enabled%22%3Atrue%2C%22rweb_tipjar_consumption_enabled%22%3Afalse%2C%22rweb_video_screen_enabled%22%3Afalse%2C%22standardized_nudges_misinfo%22%3Atrue%2C%22tweet_awards_web_tipping_enabled%22%3Afalse%2C%22tweet_with_visibility_results_prefer_gql_limited_actions_policy_enabled%22%3Atrue%2C%22verified_phone_label_enabled%22%3Afalse%2C%22view_counts_everywhere_api_enabled%22%3Atrue%7D&fieldToggles=%7B%22withArticlePlainText%22%3Afalse%7D,UserTweets,200,172,49,
2026-04-07T22:47:08.158Z,scrape.complete,info,,,getTweets,,173,,
2026-04-07T22:47:08.158Z,scrape.start,info,,,getTweetsAndReplies,,,,
2026-04-07T22:47:08.158Z,http.request,debug,GET,https://api.x.com/graphql/2NDLUdBmT_IB5uGwZ3tHRg/UserTweetsAndReplies?variables=%7B%22count%22%3A5%2C%22includePromotedContent%22%3Afalse%2C%22userId%22%3A%221683696495198089217%22%2C%22withCommunity%22%3Atrue%2C%22withVoice%22%3Atrue%7D&features=%7B%22articles_preview_enabled%22%3Atrue%2C%22c9s_tweet_anatomy_moderator_badge_enabled%22%3Atrue%2C%22communities_web_enable_tweet_community_results_fetch%22%3Atrue%2C%22creator_subscriptions_tweet_preview_api_enabled%22%3Atrue%2C%22freedom_of_speech_not_reach_fetch_enabled%22%3Atrue%2C%22graphql_is_translatable_rweb_tweet_is_translatable_enabled%22%3Atrue%2C%22longform_notetweets_consumption_enabled%22%3Atrue%2C%22longform_notetweets_inline_media_enabled%22%3Atrue%2C%22longform_notetweets_rich_text_read_enabled%22%3Atrue%2C%22post_ctas_fetch_enabled%22%3Atrue%2C%22premium_content_api_read_enabled%22%3Afalse%2C%22profile_label_improvements_pcf_label_in_post_enabled%22%3Atrue%2C%22responsive_web_edit_tweet_api_enabled%22%3Atrue%2C%22responsive_web_enhance_cards_enabled%22%3Afalse%2C%22responsive_web_graphql_skip_user_profile_image_extensions_enabled%22%3Afalse%2C%22responsive_web_graphql_timeline_navigation_enabled%22%3Atrue%2C%22responsive_web_grok_analysis_button_from_backend%22%3Atrue%2C%22responsive_web_grok_analyze_button_fetch_trends_enabled%22%3Afalse%2C%22responsive_web_grok_analyze_post_followups_enabled%22%3Atrue%2C%22responsive_web_grok_annotations_enabled%22%3Atrue%2C%22responsive_web_grok_community_note_auto_translation_is_enabled%22%3Afalse%2C%22responsive_web_grok_image_annotation_enabled%22%3Atrue%2C%22responsive_web_grok_imagine_annotation_enabled%22%3Atrue%2C%22responsive_web_grok_share_attachment_enabled%22%3Atrue%2C%22responsive_web_grok_show_grok_translated_post%22%3Atrue%2C%22responsive_web_jetfuel_frame%22%3Atrue%2C%22responsive_web_profile_redirect_enabled%22%3Afalse%2C%22responsive_web_twitter_article_tweet_consumption_enabled%22%3Atrue%2C%22rweb_tipjar_consumption_enabled%22%3Afalse%2C%22rweb_video_screen_enabled%22%3Afalse%2C%22standardized_nudges_misinfo%22%3Atrue%2C%22tweet_awards_web_tipping_enabled%22%3Afalse%2C%22tweet_with_visibility_results_prefer_gql_limited_actions_policy_enabled%22%3Atrue%2C%22verified_phone_label_enabled%22%3Afalse%2C%22view_counts_everywhere_api_enabled%22%3Atrue%7D&fieldToggles=%7B%22withArticlePlainText%22%3Afalse%7D,UserTweetsAndReplies,,,,
2026-04-07T22:47:08.399Z,http.response,info,GET,https://api.x.com/graphql/2NDLUdBmT_IB5uGwZ3tHRg/UserTweetsAndReplies?variables=%7B%22count%22%3A5%2C%22includePromotedContent%22%3Afalse%2C%22userId%22%3A%221683696495198089217%22%2C%22withCommunity%22%3Atrue%2C%22withVoice%22%3Atrue%7D&features=%7B%22articles_preview_enabled%22%3Atrue%2C%22c9s_tweet_anatomy_moderator_badge_enabled%22%3Atrue%2C%22communities_web_enable_tweet_community_results_fetch%22%3Atrue%2C%22creator_subscriptions_tweet_preview_api_enabled%22%3Atrue%2C%22freedom_of_speech_not_reach_fetch_enabled%22%3Atrue%2C%22graphql_is_translatable_rweb_tweet_is_translatable_enabled%22%3Atrue%2C%22longform_notetweets_consumption_enabled%22%3Atrue%2C%22longform_notetweets_inline_media_enabled%22%3Atrue%2C%22longform_notetweets_rich_text_read_enabled%22%3Atrue%2C%22post_ctas_fetch_enabled%22%3Atrue%2C%22premium_content_api_read_enabled%22%3Afalse%2C%22profile_label_improvements_pcf_label_in_post_enabled%22%3Atrue%2C%22responsive_web_edit_tweet_api_enabled%22%3Atrue%2C%22responsive_web_enhance_cards_enabled%22%3Afalse%2C%22responsive_web_graphql_skip_user_profile_image_extensions_enabled%22%3Afalse%2C%22responsive_web_graphql_timeline_navigation_enabled%22%3Atrue%2C%22responsive_web_grok_analysis_button_from_backend%22%3Atrue%2C%22responsive_web_grok_analyze_button_fetch_trends_enabled%22%3Afalse%2C%22responsive_web_grok_analyze_post_followups_enabled%22%3Atrue%2C%22responsive_web_grok_annotations_enabled%22%3Atrue%2C%22responsive_web_grok_community_note_auto_translation_is_enabled%22%3Afalse%2C%22responsive_web_grok_image_annotation_enabled%22%3Atrue%2C%22responsive_web_grok_imagine_annotation_enabled%22%3Atrue%2C%22responsive_web_grok_share_attachment_enabled%22%3Atrue%2C%22responsive_web_grok_show_grok_translated_post%22%3Atrue%2C%22responsive_web_jetfuel_frame%22%3Atrue%2C%22responsive_web_profile_redirect_enabled%22%3Afalse%2C%22responsive_web_twitter_article_tweet_consumption_enabled%22%3Atrue%2C%22rweb_tipjar_consumption_enabled%22%3Afalse%2C%22rweb_video_screen_enabled%22%3Afalse%2C%22standardized_nudges_misinfo%22%3Atrue%2C%22tweet_awards_web_tipping_enabled%22%3Afalse%2C%22tweet_with_visibility_results_prefer_gql_limited_actions_policy_enabled%22%3Atrue%2C%22verified_phone_label_enabled%22%3Afalse%2C%22view_counts_everywhere_api_enabled%22%3Atrue%7D&fieldToggles=%7B%22withArticlePlainText%22%3Afalse%7D,UserTweetsAndReplies,200,241,499,
2026-04-07T22:47:08.399Z,scrape.complete,info,,,getTweetsAndReplies,,241,,
2026-04-07T22:47:08.400Z,http.request,debug,GET,https://api.x.com/2/guide.json?include_profile_interstitial_type=1&include_blocking=1&include_blocked_by=1&include_followed_by=1&include_want_retweets=1&include_mute_edge=1&include_can_dm=1&include_can_media_tag=1&include_ext_has_nft_avatar=1&include_ext_is_blue_verified=1&include_ext_verified_type=1&skip_status=1&cards_platform=Web-12&include_cards=1&include_ext_alt_text=true&include_ext_limited_action_results=false&include_quote_count=true&include_reply_count=1&tweet_mode=extended&include_ext_collab_control=true&include_ext_views=true&include_entities=true&include_user_entities=true&include_ext_media_color=true&include_ext_media_availability=true&include_ext_sensitive_media_warning=true&include_ext_trusted_friends_metadata=true&send_error_codes=true&simple_quoted_tweet=true&include_tweet_replies=false&ext=mediaStats%2ChighlightedLabel%2ChasNftAvatar%2CvoiceInfo%2CbirdwatchPivot%2Cenrichments%2CsuperFollowMetadata%2CunmentionInfo%2CeditControl%2Ccollab_control%2Cvibe&count=20&candidate_source=trends&include_page_configuration=false&entity_tokens=false,/2/guide.json,,,,
2026-04-07T22:47:08.647Z,http.response,info,GET,https://api.x.com/2/guide.json?include_profile_interstitial_type=1&include_blocking=1&include_blocked_by=1&include_followed_by=1&include_want_retweets=1&include_mute_edge=1&include_can_dm=1&include_can_media_tag=1&include_ext_has_nft_avatar=1&include_ext_is_blue_verified=1&include_ext_verified_type=1&skip_status=1&cards_platform=Web-12&include_cards=1&include_ext_alt_text=true&include_ext_limited_action_results=false&include_quote_count=true&include_reply_count=1&tweet_mode=extended&include_ext_collab_control=true&include_ext_views=true&include_entities=true&include_user_entities=true&include_ext_media_color=true&include_ext_media_availability=true&include_ext_sensitive_media_warning=true&include_ext_trusted_friends_metadata=true&send_error_codes=true&simple_quoted_tweet=true&include_tweet_replies=false&ext=mediaStats%2ChighlightedLabel%2ChasNftAvatar%2CvoiceInfo%2CbirdwatchPivot%2Cenrichments%2CsuperFollowMetadata%2CunmentionInfo%2CeditControl%2Ccollab_control%2Cvibe&count=20&candidate_source=trends&include_page_configuration=false&entity_tokens=false,/2/guide.json,200,247,19999,
2026-04-07T22:47:08.648Z,http.request,debug,POST,https://api.x.com/graphql/ML-n2SfAxx5S_9QMqNejbg/SearchTimeline,SearchTimeline,,,,
2026-04-07T22:47:10.854Z,http.response,info,POST,https://api.x.com/graphql/ML-n2SfAxx5S_9QMqNejbg/SearchTimeline,SearchTimeline,200,2206,183,
2026-04-07T22:47:10.857Z,scrape.start,info,,,searchProfiles,,,,
2026-04-07T22:47:10.857Z,http.request,debug,POST,https://api.x.com/graphql/ML-n2SfAxx5S_9QMqNejbg/SearchTimeline,SearchTimeline,,,,
2026-04-07T22:47:11.152Z,http.response,info,POST,https://api.x.com/graphql/ML-n2SfAxx5S_9QMqNejbg/SearchTimeline,SearchTimeline,200,295,182,
2026-04-07T22:47:11.153Z,scrape.complete,info,,,searchProfiles,,296,,
2026-04-07T22:47:11.154Z,scrape.start,info,,,getFollowers,,,,
2026-04-07T22:47:11.155Z,http.request,debug,GET,https://api.x.com/graphql/P7m4Qr-rJEB8KUluOenU6A/Followers?variables=%7B%22count%22%3A3%2C%22includePromotedContent%22%3Afalse%2C%22userId%22%3A%221683696495198089217%22%2C%22withGrokTranslatedBio%22%3Afalse%7D&features=%7B%22articles_preview_enabled%22%3Atrue%2C%22c9s_tweet_anatomy_moderator_badge_enabled%22%3Atrue%2C%22communities_web_enable_tweet_community_results_fetch%22%3Atrue%2C%22creator_subscriptions_tweet_preview_api_enabled%22%3Atrue%2C%22freedom_of_speech_not_reach_fetch_enabled%22%3Atrue%2C%22graphql_is_translatable_rweb_tweet_is_translatable_enabled%22%3Atrue%2C%22longform_notetweets_consumption_enabled%22%3Atrue%2C%22longform_notetweets_inline_media_enabled%22%3Atrue%2C%22longform_notetweets_rich_text_read_enabled%22%3Atrue%2C%22post_ctas_fetch_enabled%22%3Atrue%2C%22premium_content_api_read_enabled%22%3Afalse%2C%22profile_label_improvements_pcf_label_in_post_enabled%22%3Atrue%2C%22responsive_web_edit_tweet_api_enabled%22%3Atrue%2C%22responsive_web_enhance_cards_enabled%22%3Afalse%2C%22responsive_web_graphql_skip_user_profile_image_extensions_enabled%22%3Afalse%2C%22responsive_web_graphql_timeline_navigation_enabled%22%3Atrue%2C%22responsive_web_grok_analysis_button_from_backend%22%3Atrue%2C%22responsive_web_grok_analyze_button_fetch_trends_enabled%22%3Afalse%2C%22responsive_web_grok_analyze_post_followups_enabled%22%3Atrue%2C%22responsive_web_grok_annotations_enabled%22%3Atrue%2C%22responsive_web_grok_community_note_auto_translation_is_enabled%22%3Afalse%2C%22responsive_web_grok_image_annotation_enabled%22%3Atrue%2C%22responsive_web_grok_imagine_annotation_enabled%22%3Atrue%2C%22responsive_web_grok_share_attachment_enabled%22%3Atrue%2C%22responsive_web_grok_show_grok_translated_post%22%3Atrue%2C%22responsive_web_jetfuel_frame%22%3Atrue%2C%22responsive_web_profile_redirect_enabled%22%3Afalse%2C%22responsive_web_twitter_article_tweet_consumption_enabled%22%3Atrue%2C%22rweb_tipjar_consumption_enabled%22%3Afalse%2C%22rweb_video_screen_enabled%22%3Afalse%2C%22standardized_nudges_misinfo%22%3Atrue%2C%22tweet_awards_web_tipping_enabled%22%3Afalse%2C%22tweet_with_visibility_results_prefer_gql_limited_actions_policy_enabled%22%3Atrue%2C%22verified_phone_label_enabled%22%3Afalse%2C%22view_counts_everywhere_api_enabled%22%3Atrue%7D,Followers,,,,
2026-04-07T22:47:11.346Z,http.response,info,GET,https://api.x.com/graphql/P7m4Qr-rJEB8KUluOenU6A/Followers?variables=%7B%22count%22%3A3%2C%22includePromotedContent%22%3Afalse%2C%22userId%22%3A%221683696495198089217%22%2C%22withGrokTranslatedBio%22%3Afalse%7D&features=%7B%22articles_preview_enabled%22%3Atrue%2C%22c9s_tweet_anatomy_moderator_badge_enabled%22%3Atrue%2C%22communities_web_enable_tweet_community_results_fetch%22%3Atrue%2C%22creator_subscriptions_tweet_preview_api_enabled%22%3Atrue%2C%22freedom_of_speech_not_reach_fetch_enabled%22%3Atrue%2C%22graphql_is_translatable_rweb_tweet_is_translatable_enabled%22%3Atrue%2C%22longform_notetweets_consumption_enabled%22%3Atrue%2C%22longform_notetweets_inline_media_enabled%22%3Atrue%2C%22longform_notetweets_rich_text_read_enabled%22%3Atrue%2C%22post_ctas_fetch_enabled%22%3Atrue%2C%22premium_content_api_read_enabled%22%3Afalse%2C%22profile_label_improvements_pcf_label_in_post_enabled%22%3Atrue%2C%22responsive_web_edit_tweet_api_enabled%22%3Atrue%2C%22responsive_web_enhance_cards_enabled%22%3Afalse%2C%22responsive_web_graphql_skip_user_profile_image_extensions_enabled%22%3Afalse%2C%22responsive_web_graphql_timeline_navigation_enabled%22%3Atrue%2C%22responsive_web_grok_analysis_button_from_backend%22%3Atrue%2C%22responsive_web_grok_analyze_button_fetch_trends_enabled%22%3Afalse%2C%22responsive_web_grok_analyze_post_followups_enabled%22%3Atrue%2C%22responsive_web_grok_annotations_enabled%22%3Atrue%2C%22responsive_web_grok_community_note_auto_translation_is_enabled%22%3Afalse%2C%22responsive_web_grok_image_annotation_enabled%22%3Atrue%2C%22responsive_web_grok_imagine_annotation_enabled%22%3Atrue%2C%22responsive_web_grok_share_attachment_enabled%22%3Atrue%2C%22responsive_web_grok_show_grok_translated_post%22%3Atrue%2C%22responsive_web_jetfuel_frame%22%3Atrue%2C%22responsive_web_profile_redirect_enabled%22%3Afalse%2C%22responsive_web_twitter_article_tweet_consumption_enabled%22%3Atrue%2C%22rweb_tipjar_consumption_enabled%22%3Afalse%2C%22rweb_video_screen_enabled%22%3Afalse%2C%22standardized_nudges_misinfo%22%3Atrue%2C%22tweet_awards_web_tipping_enabled%22%3Afalse%2C%22tweet_with_visibility_results_prefer_gql_limited_actions_policy_enabled%22%3Atrue%2C%22verified_phone_label_enabled%22%3Afalse%2C%22view_counts_everywhere_api_enabled%22%3Atrue%7D,Followers,200,191,49,
2026-04-07T22:47:11.346Z,scrape.complete,info,,,getFollowers,,192,,
2026-04-07T22:47:11.347Z,scrape.start,info,,,getFollowing,,,,
2026-04-07T22:47:11.348Z,http.request,debug,GET,https://api.x.com/graphql/T5wihsMTYHncY7BB4YxHSg/Following?variables=%7B%22count%22%3A3%2C%22includePromotedContent%22%3Afalse%2C%22userId%22%3A%221683696495198089217%22%2C%22withGrokTranslatedBio%22%3Afalse%7D&features=%7B%22articles_preview_enabled%22%3Atrue%2C%22c9s_tweet_anatomy_moderator_badge_enabled%22%3Atrue%2C%22communities_web_enable_tweet_community_results_fetch%22%3Atrue%2C%22creator_subscriptions_tweet_preview_api_enabled%22%3Atrue%2C%22freedom_of_speech_not_reach_fetch_enabled%22%3Atrue%2C%22graphql_is_translatable_rweb_tweet_is_translatable_enabled%22%3Atrue%2C%22longform_notetweets_consumption_enabled%22%3Atrue%2C%22longform_notetweets_inline_media_enabled%22%3Atrue%2C%22longform_notetweets_rich_text_read_enabled%22%3Atrue%2C%22post_ctas_fetch_enabled%22%3Atrue%2C%22premium_content_api_read_enabled%22%3Afalse%2C%22profile_label_improvements_pcf_label_in_post_enabled%22%3Atrue%2C%22responsive_web_edit_tweet_api_enabled%22%3Atrue%2C%22responsive_web_enhance_cards_enabled%22%3Afalse%2C%22responsive_web_graphql_skip_user_profile_image_extensions_enabled%22%3Afalse%2C%22responsive_web_graphql_timeline_navigation_enabled%22%3Atrue%2C%22responsive_web_grok_analysis_button_from_backend%22%3Atrue%2C%22responsive_web_grok_analyze_button_fetch_trends_enabled%22%3Afalse%2C%22responsive_web_grok_analyze_post_followups_enabled%22%3Atrue%2C%22responsive_web_grok_annotations_enabled%22%3Atrue%2C%22responsive_web_grok_community_note_auto_translation_is_enabled%22%3Afalse%2C%22responsive_web_grok_image_annotation_enabled%22%3Atrue%2C%22responsive_web_grok_imagine_annotation_enabled%22%3Atrue%2C%22responsive_web_grok_share_attachment_enabled%22%3Atrue%2C%22responsive_web_grok_show_grok_translated_post%22%3Atrue%2C%22responsive_web_jetfuel_frame%22%3Atrue%2C%22responsive_web_profile_redirect_enabled%22%3Afalse%2C%22responsive_web_twitter_article_tweet_consumption_enabled%22%3Atrue%2C%22rweb_tipjar_consumption_enabled%22%3Afalse%2C%22rweb_video_screen_enabled%22%3Afalse%2C%22standardized_nudges_misinfo%22%3Atrue%2C%22tweet_awards_web_tipping_enabled%22%3Afalse%2C%22tweet_with_visibility_results_prefer_gql_limited_actions_policy_enabled%22%3Atrue%2C%22verified_phone_label_enabled%22%3Afalse%2C%22view_counts_everywhere_api_enabled%22%3Atrue%7D,Following,,,,
2026-04-07T22:47:11.514Z,http.response,info,GET,https://api.x.com/graphql/T5wihsMTYHncY7BB4YxHSg/Following?variables=%7B%22count%22%3A3%2C%22includePromotedContent%22%3Afalse%2C%22userId%22%3A%221683696495198089217%22%2C%22withGrokTranslatedBio%22%3Afalse%7D&features=%7B%22articles_preview_enabled%22%3Atrue%2C%22c9s_tweet_anatomy_moderator_badge_enabled%22%3Atrue%2C%22communities_web_enable_tweet_community_results_fetch%22%3Atrue%2C%22creator_subscriptions_tweet_preview_api_enabled%22%3Atrue%2C%22freedom_of_speech_not_reach_fetch_enabled%22%3Atrue%2C%22graphql_is_translatable_rweb_tweet_is_translatable_enabled%22%3Atrue%2C%22longform_notetweets_consumption_enabled%22%3Atrue%2C%22longform_notetweets_inline_media_enabled%22%3Atrue%2C%22longform_notetweets_rich_text_read_enabled%22%3Atrue%2C%22post_ctas_fetch_enabled%22%3Atrue%2C%22premium_content_api_read_enabled%22%3Afalse%2C%22profile_label_improvements_pcf_label_in_post_enabled%22%3Atrue%2C%22responsive_web_edit_tweet_api_enabled%22%3Atrue%2C%22responsive_web_enhance_cards_enabled%22%3Afalse%2C%22responsive_web_graphql_skip_user_profile_image_extensions_enabled%22%3Afalse%2C%22responsive_web_graphql_timeline_navigation_enabled%22%3Atrue%2C%22responsive_web_grok_analysis_button_from_backend%22%3Atrue%2C%22responsive_web_grok_analyze_button_fetch_trends_enabled%22%3Afalse%2C%22responsive_web_grok_analyze_post_followups_enabled%22%3Atrue%2C%22responsive_web_grok_annotations_enabled%22%3Atrue%2C%22responsive_web_grok_community_note_auto_translation_is_enabled%22%3Afalse%2C%22responsive_web_grok_image_annotation_enabled%22%3Atrue%2C%22responsive_web_grok_imagine_annotation_enabled%22%3Atrue%2C%22responsive_web_grok_share_attachment_enabled%22%3Atrue%2C%22responsive_web_grok_show_grok_translated_post%22%3Atrue%2C%22responsive_web_jetfuel_frame%22%3Atrue%2C%22responsive_web_profile_redirect_enabled%22%3Afalse%2C%22responsive_web_twitter_article_tweet_consumption_enabled%22%3Atrue%2C%22rweb_tipjar_consumption_enabled%22%3Afalse%2C%22rweb_video_screen_enabled%22%3Afalse%2C%22standardized_nudges_misinfo%22%3Atrue%2C%22tweet_awards_web_tipping_enabled%22%3Afalse%2C%22tweet_with_visibility_results_prefer_gql_limited_actions_policy_enabled%22%3Atrue%2C%22verified_phone_label_enabled%22%3Afalse%2C%22view_counts_everywhere_api_enabled%22%3Atrue%7D,Following,200,166,499,
2026-04-07T22:47:11.515Z,scrape.complete,info,,,getFollowing,,168,,
2026-04-07T22:47:11.515Z,http.request,debug,GET,https://api.x.com/graphql/AWbeRIdkLtqTRN7yL_H8yw/UserByScreenName?variables=%7B%22screen_name%22%3A%22elonmusk%22%2C%22withGrokTranslatedBio%22%3Atrue%7D&features=%7B%22creator_subscriptions_tweet_preview_api_enabled%22%3Atrue%2C%22hidden_profile_subscriptions_enabled%22%3Atrue%2C%22highlights_tweets_tab_ui_enabled%22%3Atrue%2C%22profile_label_improvements_pcf_label_in_post_enabled%22%3Atrue%2C%22responsive_web_graphql_skip_user_profile_image_extensions_enabled%22%3Afalse%2C%22responsive_web_graphql_timeline_navigation_enabled%22%3Atrue%2C%22responsive_web_profile_redirect_enabled%22%3Afalse%2C%22responsive_web_twitter_article_notes_tab_enabled%22%3Atrue%2C%22rweb_tipjar_consumption_enabled%22%3Afalse%2C%22subscriptions_feature_can_gift_premium%22%3Atrue%2C%22subscriptions_verification_info_is_identity_verified_enabled%22%3Atrue%2C%22subscriptions_verification_info_verified_since_enabled%22%3Atrue%2C%22verified_phone_label_enabled%22%3Afalse%7D&fieldToggles=%7B%22withAuxiliaryUserLabels%22%3Atrue%2C%22withPayments%22%3Afalse%7D,UserByScreenName,,,,
2026-04-07T22:47:11.694Z,http.response,info,GET,https://api.x.com/graphql/AWbeRIdkLtqTRN7yL_H8yw/UserByScreenName?variables=%7B%22screen_name%22%3A%22elonmusk%22%2C%22withGrokTranslatedBio%22%3Atrue%7D&features=%7B%22creator_subscriptions_tweet_preview_api_enabled%22%3Atrue%2C%22hidden_profile_subscriptions_enabled%22%3Atrue%2C%22highlights_tweets_tab_ui_enabled%22%3Atrue%2C%22profile_label_improvements_pcf_label_in_post_enabled%22%3Atrue%2C%22responsive_web_graphql_skip_user_profile_image_extensions_enabled%22%3Afalse%2C%22responsive_web_graphql_timeline_navigation_enabled%22%3Atrue%2C%22responsive_web_profile_redirect_enabled%22%3Afalse%2C%22responsive_web_twitter_article_notes_tab_enabled%22%3Atrue%2C%22rweb_tipjar_consumption_enabled%22%3Afalse%2C%22subscriptions_feature_can_gift_premium%22%3Atrue%2C%22subscriptions_verification_info_is_identity_verified_enabled%22%3Atrue%2C%22subscriptions_verification_info_verified_since_enabled%22%3Atrue%2C%22verified_phone_label_enabled%22%3Afalse%7D&fieldToggles=%7B%22withAuxiliaryUserLabels%22%3Atrue%2C%22withPayments%22%3Afalse%7D,UserByScreenName,200,179,147,
2026-04-07T22:47:11.694Z,http.request,debug,GET,https://api.x.com/graphql/N2tFDY-MlrLxXJ9F_ZxJGA/UserTweets?variables=%7B%22count%22%3A10%2C%22includePromotedContent%22%3Afalse%2C%22userId%22%3A%2244196397%22%2C%22withQuickPromoteEligibilityTweetFields%22%3Atrue%2C%22withVoice%22%3Atrue%7D&features=%7B%22articles_preview_enabled%22%3Atrue%2C%22c9s_tweet_anatomy_moderator_badge_enabled%22%3Atrue%2C%22communities_web_enable_tweet_community_results_fetch%22%3Atrue%2C%22creator_subscriptions_tweet_preview_api_enabled%22%3Atrue%2C%22freedom_of_speech_not_reach_fetch_enabled%22%3Atrue%2C%22graphql_is_translatable_rweb_tweet_is_translatable_enabled%22%3Atrue%2C%22longform_notetweets_consumption_enabled%22%3Atrue%2C%22longform_notetweets_inline_media_enabled%22%3Atrue%2C%22longform_notetweets_rich_text_read_enabled%22%3Atrue%2C%22post_ctas_fetch_enabled%22%3Atrue%2C%22premium_content_api_read_enabled%22%3Afalse%2C%22profile_label_improvements_pcf_label_in_post_enabled%22%3Atrue%2C%22responsive_web_edit_tweet_api_enabled%22%3Atrue%2C%22responsive_web_enhance_cards_enabled%22%3Afalse%2C%22responsive_web_graphql_skip_user_profile_image_extensions_enabled%22%3Afalse%2C%22responsive_web_graphql_timeline_navigation_enabled%22%3Atrue%2C%22responsive_web_grok_analysis_button_from_backend%22%3Atrue%2C%22responsive_web_grok_analyze_button_fetch_trends_enabled%22%3Afalse%2C%22responsive_web_grok_analyze_post_followups_enabled%22%3Atrue%2C%22responsive_web_grok_annotations_enabled%22%3Atrue%2C%22responsive_web_grok_community_note_auto_translation_is_enabled%22%3Afalse%2C%22responsive_web_grok_image_annotation_enabled%22%3Atrue%2C%22responsive_web_grok_imagine_annotation_enabled%22%3Atrue%2C%22responsive_web_grok_share_attachment_enabled%22%3Atrue%2C%22responsive_web_grok_show_grok_translated_post%22%3Atrue%2C%22responsive_web_jetfuel_frame%22%3Atrue%2C%22responsive_web_profile_redirect_enabled%22%3Afalse%2C%22responsive_web_twitter_article_tweet_consumption_enabled%22%3Atrue%2C%22rweb_tipjar_consumption_enabled%22%3Afalse%2C%22rweb_video_screen_enabled%22%3Afalse%2C%22standardized_nudges_misinfo%22%3Atrue%2C%22tweet_awards_web_tipping_enabled%22%3Afalse%2C%22tweet_with_visibility_results_prefer_gql_limited_actions_policy_enabled%22%3Atrue%2C%22verified_phone_label_enabled%22%3Afalse%2C%22view_counts_everywhere_api_enabled%22%3Atrue%7D&fieldToggles=%7B%22withArticlePlainText%22%3Afalse%7D,UserTweets,,,,
2026-04-07T22:47:13.089Z,http.response,info,GET,https://api.x.com/graphql/N2tFDY-MlrLxXJ9F_ZxJGA/UserTweets?variables=%7B%22count%22%3A10%2C%22includePromotedContent%22%3Afalse%2C%22userId%22%3A%2244196397%22%2C%22withQuickPromoteEligibilityTweetFields%22%3Atrue%2C%22withVoice%22%3Atrue%7D&features=%7B%22articles_preview_enabled%22%3Atrue%2C%22c9s_tweet_anatomy_moderator_badge_enabled%22%3Atrue%2C%22communities_web_enable_tweet_community_results_fetch%22%3Atrue%2C%22creator_subscriptions_tweet_preview_api_enabled%22%3Atrue%2C%22freedom_of_speech_not_reach_fetch_enabled%22%3Atrue%2C%22graphql_is_translatable_rweb_tweet_is_translatable_enabled%22%3Atrue%2C%22longform_notetweets_consumption_enabled%22%3Atrue%2C%22longform_notetweets_inline_media_enabled%22%3Atrue%2C%22longform_notetweets_rich_text_read_enabled%22%3Atrue%2C%22post_ctas_fetch_enabled%22%3Atrue%2C%22premium_content_api_read_enabled%22%3Afalse%2C%22profile_label_improvements_pcf_label_in_post_enabled%22%3Atrue%2C%22responsive_web_edit_tweet_api_enabled%22%3Atrue%2C%22responsive_web_enhance_cards_enabled%22%3Afalse%2C%22responsive_web_graphql_skip_user_profile_image_extensions_enabled%22%3Afalse%2C%22responsive_web_graphql_timeline_navigation_enabled%22%3Atrue%2C%22responsive_web_grok_analysis_button_from_backend%22%3Atrue%2C%22responsive_web_grok_analyze_button_fetch_trends_enabled%22%3Afalse%2C%22responsive_web_grok_analyze_post_followups_enabled%22%3Atrue%2C%22responsive_web_grok_annotations_enabled%22%3Atrue%2C%22responsive_web_grok_community_note_auto_translation_is_enabled%22%3Afalse%2C%22responsive_web_grok_image_annotation_enabled%22%3Atrue%2C%22responsive_web_grok_imagine_annotation_enabled%22%3Atrue%2C%22responsive_web_grok_share_attachment_enabled%22%3Atrue%2C%22responsive_web_grok_show_grok_translated_post%22%3Atrue%2C%22responsive_web_jetfuel_frame%22%3Atrue%2C%22responsive_web_profile_redirect_enabled%22%3Afalse%2C%22responsive_web_twitter_article_tweet_consumption_enabled%22%3Atrue%2C%22rweb_tipjar_consumption_enabled%22%3Afalse%2C%22rweb_video_screen_enabled%22%3Afalse%2C%22standardized_nudges_misinfo%22%3Atrue%2C%22tweet_awards_web_tipping_enabled%22%3Afalse%2C%22tweet_with_visibility_results_prefer_gql_limited_actions_policy_enabled%22%3Atrue%2C%22verified_phone_label_enabled%22%3Afalse%2C%22view_counts_everywhere_api_enabled%22%3Atrue%7D&fieldToggles=%7B%22withArticlePlainText%22%3Afalse%7D,UserTweets,200,1395,48,
2026-04-07T22:47:13.103Z,scrape.start,info,,,searchTweets,,,,
2026-04-07T22:47:13.104Z,http.request,debug,POST,https://api.x.com/graphql/ML-n2SfAxx5S_9QMqNejbg/SearchTimeline,SearchTimeline,,,,
2026-04-07T22:47:14.217Z,http.response,info,POST,https://api.x.com/graphql/ML-n2SfAxx5S_9QMqNejbg/SearchTimeline,SearchTimeline,200,1113,181,
2026-04-07T22:47:14.219Z,scrape.complete,info,,,searchTweets,,1115,,
2026-04-07T22:47:14.220Z,scrape.start,info,,,getLikedTweets,,,,
2026-04-07T22:47:14.220Z,http.request,debug,GET,https://api.x.com/graphql/AWbeRIdkLtqTRN7yL_H8yw/UserByScreenName?variables=%7B%22screen_name%22%3A%22%22%2C%22withGrokTranslatedBio%22%3Atrue%7D&features=%7B%22creator_subscriptions_tweet_preview_api_enabled%22%3Atrue%2C%22hidden_profile_subscriptions_enabled%22%3Atrue%2C%22highlights_tweets_tab_ui_enabled%22%3Atrue%2C%22profile_label_improvements_pcf_label_in_post_enabled%22%3Atrue%2C%22responsive_web_graphql_skip_user_profile_image_extensions_enabled%22%3Afalse%2C%22responsive_web_graphql_timeline_navigation_enabled%22%3Atrue%2C%22responsive_web_profile_redirect_enabled%22%3Afalse%2C%22responsive_web_twitter_article_notes_tab_enabled%22%3Atrue%2C%22rweb_tipjar_consumption_enabled%22%3Afalse%2C%22subscriptions_feature_can_gift_premium%22%3Atrue%2C%22subscriptions_verification_info_is_identity_verified_enabled%22%3Atrue%2C%22subscriptions_verification_info_verified_since_enabled%22%3Atrue%2C%22verified_phone_label_enabled%22%3Afalse%7D&fieldToggles=%7B%22withAuxiliaryUserLabels%22%3Atrue%2C%22withPayments%22%3Afalse%7D,UserByScreenName,,,,
2026-04-07T22:47:14.333Z,http.response,info,GET,https://api.x.com/graphql/AWbeRIdkLtqTRN7yL_H8yw/UserByScreenName?variables=%7B%22screen_name%22%3A%22%22%2C%22withGrokTranslatedBio%22%3Atrue%7D&features=%7B%22creator_subscriptions_tweet_preview_api_enabled%22%3Atrue%2C%22hidden_profile_subscriptions_enabled%22%3Atrue%2C%22highlights_tweets_tab_ui_enabled%22%3Atrue%2C%22profile_label_improvements_pcf_label_in_post_enabled%22%3Atrue%2C%22responsive_web_graphql_skip_user_profile_image_extensions_enabled%22%3Afalse%2C%22responsive_web_graphql_timeline_navigation_enabled%22%3Atrue%2C%22responsive_web_profile_redirect_enabled%22%3Afalse%2C%22responsive_web_twitter_article_notes_tab_enabled%22%3Atrue%2C%22rweb_tipjar_consumption_enabled%22%3Afalse%2C%22subscriptions_feature_can_gift_premium%22%3Atrue%2C%22subscriptions_verification_info_is_identity_verified_enabled%22%3Atrue%2C%22subscriptions_verification_info_verified_since_enabled%22%3Atrue%2C%22verified_phone_label_enabled%22%3Afalse%7D&fieldToggles=%7B%22withAuxiliaryUserLabels%22%3Atrue%2C%22withPayments%22%3Afalse%7D,UserByScreenName,200,113,146,
2026-04-07T22:47:14.334Z,scrape.complete,info,,,getLikedTweets,,114,,
2026-04-07T22:47:14.336Z,http.request,debug,GET,https://x.com/i/api/1.1/dm/inbox_initial_state.json?include_profile_interstitial_type=1&include_blocking=1&include_blocked_by=1&include_followed_by=1&include_want_retweets=1&include_mute_edge=1&include_can_dm=1&include_can_media_tag=1&include_ext_has_nft_avatar=1&include_ext_is_blue_verified=1&include_ext_verified_type=1&skip_status=1&cards_platform=Web-12&include_cards=1&include_ext_alt_text=true&include_ext_limited_action_results=true&include_quote_count=true&include_reply_count=1&tweet_mode=extended&include_ext_collab_control=true&include_ext_views=true&include_entities=true&include_user_entities=true&include_ext_media_color=true&include_ext_media_availability=true&include_ext_sensitive_media_warning=true&include_ext_trusted_friends_metadata=true&send_error_codes=true&simple_quoted_tweet=true&include_tweet_replies=false&ext=mediaColor%2CaltText%2CmediaStats%2ChighlightedLabel%2CparodyCommentaryFanLabel%2CvoiceInfo%2CbirdwatchPivot%2CsuperFollowMetadata%2CunmentionInfo%2CeditControl%2Carticle&nsfw_filtering_enabled=false&filter_low_quality=true&include_quality=all&include_ext_profile_image_shape=1&dm_secret_conversations_enabled=false&krs_registration_enabled=false&dm_users=true&include_groups=true&include_inbox_timelines=true&supports_reactions=true&supports_edit=true&include_ext_edit_control=true&include_ext_business_affiliations_label=true&include_ext_parody_commentary_fan_label=true,dm/inbox_initial_state,,,,
2026-04-07T22:47:14.625Z,http.response,info,GET,https://x.com/i/api/1.1/dm/inbox_initial_state.json?include_profile_interstitial_type=1&include_blocking=1&include_blocked_by=1&include_followed_by=1&include_want_retweets=1&include_mute_edge=1&include_can_dm=1&include_can_media_tag=1&include_ext_has_nft_avatar=1&include_ext_is_blue_verified=1&include_ext_verified_type=1&skip_status=1&cards_platform=Web-12&include_cards=1&include_ext_alt_text=true&include_ext_limited_action_results=true&include_quote_count=true&include_reply_count=1&tweet_mode=extended&include_ext_collab_control=true&include_ext_views=true&include_entities=true&include_user_entities=true&include_ext_media_color=true&include_ext_media_availability=true&include_ext_sensitive_media_warning=true&include_ext_trusted_friends_metadata=true&send_error_codes=true&simple_quoted_tweet=true&include_tweet_replies=false&ext=mediaColor%2CaltText%2CmediaStats%2ChighlightedLabel%2CparodyCommentaryFanLabel%2CvoiceInfo%2CbirdwatchPivot%2CsuperFollowMetadata%2CunmentionInfo%2CeditControl%2Carticle&nsfw_filtering_enabled=false&filter_low_quality=true&include_quality=all&include_ext_profile_image_shape=1&dm_secret_conversations_enabled=false&krs_registration_enabled=false&dm_users=true&include_groups=true&include_inbox_timelines=true&supports_reactions=true&supports_edit=true&include_ext_edit_control=true&include_ext_business_affiliations_label=true&include_ext_parody_commentary_fan_label=true,dm/inbox_initial_state,200,289,449,
2026-04-07T22:47:14.626Z,http.request,debug,GET,https://api.x.com/graphql/Uv3buKIUElzL3Iuc0L0O5g/ListLatestTweetsTimeline?variables=%7B%22count%22%3A5%2C%22listId%22%3A%221580670546498768897%22%7D&features=%7B%22articles_preview_enabled%22%3Atrue%2C%22c9s_tweet_anatomy_moderator_badge_enabled%22%3Atrue%2C%22communities_web_enable_tweet_community_results_fetch%22%3Atrue%2C%22creator_subscriptions_tweet_preview_api_enabled%22%3Atrue%2C%22freedom_of_speech_not_reach_fetch_enabled%22%3Atrue%2C%22graphql_is_translatable_rweb_tweet_is_translatable_enabled%22%3Atrue%2C%22longform_notetweets_consumption_enabled%22%3Atrue%2C%22longform_notetweets_inline_media_enabled%22%3Atrue%2C%22longform_notetweets_rich_text_read_enabled%22%3Atrue%2C%22post_ctas_fetch_enabled%22%3Atrue%2C%22premium_content_api_read_enabled%22%3Afalse%2C%22profile_label_improvements_pcf_label_in_post_enabled%22%3Atrue%2C%22responsive_web_edit_tweet_api_enabled%22%3Atrue%2C%22responsive_web_enhance_cards_enabled%22%3Afalse%2C%22responsive_web_graphql_skip_user_profile_image_extensions_enabled%22%3Afalse%2C%22responsive_web_graphql_timeline_navigation_enabled%22%3Atrue%2C%22responsive_web_grok_analysis_button_from_backend%22%3Atrue%2C%22responsive_web_grok_analyze_button_fetch_trends_enabled%22%3Afalse%2C%22responsive_web_grok_analyze_post_followups_enabled%22%3Atrue%2C%22responsive_web_grok_annotations_enabled%22%3Atrue%2C%22responsive_web_grok_community_note_auto_translation_is_enabled%22%3Afalse%2C%22responsive_web_grok_image_annotation_enabled%22%3Atrue%2C%22responsive_web_grok_imagine_annotation_enabled%22%3Atrue%2C%22responsive_web_grok_share_attachment_enabled%22%3Atrue%2C%22responsive_web_grok_show_grok_translated_post%22%3Atrue%2C%22responsive_web_jetfuel_frame%22%3Atrue%2C%22responsive_web_profile_redirect_enabled%22%3Afalse%2C%22responsive_web_twitter_article_tweet_consumption_enabled%22%3Atrue%2C%22rweb_tipjar_consumption_enabled%22%3Afalse%2C%22rweb_video_screen_enabled%22%3Afalse%2C%22standardized_nudges_misinfo%22%3Atrue%2C%22tweet_awards_web_tipping_enabled%22%3Afalse%2C%22tweet_with_visibility_results_prefer_gql_limited_actions_policy_enabled%22%3Atrue%2C%22verified_phone_label_enabled%22%3Afalse%2C%22view_counts_everywhere_api_enabled%22%3Atrue%7D,ListLatestTweetsTimeline,,,,
2026-04-07T22:47:14.791Z,http.response,info,GET,https://api.x.com/graphql/Uv3buKIUElzL3Iuc0L0O5g/ListLatestTweetsTimeline?variables=%7B%22count%22%3A5%2C%22listId%22%3A%221580670546498768897%22%7D&features=%7B%22articles_preview_enabled%22%3Atrue%2C%22c9s_tweet_anatomy_moderator_badge_enabled%22%3Atrue%2C%22communities_web_enable_tweet_community_results_fetch%22%3Atrue%2C%22creator_subscriptions_tweet_preview_api_enabled%22%3Atrue%2C%22freedom_of_speech_not_reach_fetch_enabled%22%3Atrue%2C%22graphql_is_translatable_rweb_tweet_is_translatable_enabled%22%3Atrue%2C%22longform_notetweets_consumption_enabled%22%3Atrue%2C%22longform_notetweets_inline_media_enabled%22%3Atrue%2C%22longform_notetweets_rich_text_read_enabled%22%3Atrue%2C%22post_ctas_fetch_enabled%22%3Atrue%2C%22premium_content_api_read_enabled%22%3Afalse%2C%22profile_label_improvements_pcf_label_in_post_enabled%22%3Atrue%2C%22responsive_web_edit_tweet_api_enabled%22%3Atrue%2C%22responsive_web_enhance_cards_enabled%22%3Afalse%2C%22responsive_web_graphql_skip_user_profile_image_extensions_enabled%22%3Afalse%2C%22responsive_web_graphql_timeline_navigation_enabled%22%3Atrue%2C%22responsive_web_grok_analysis_button_from_backend%22%3Atrue%2C%22responsive_web_grok_analyze_button_fetch_trends_enabled%22%3Afalse%2C%22responsive_web_grok_analyze_post_followups_enabled%22%3Atrue%2C%22responsive_web_grok_annotations_enabled%22%3Atrue%2C%22responsive_web_grok_community_note_auto_translation_is_enabled%22%3Afalse%2C%22responsive_web_grok_image_annotation_enabled%22%3Atrue%2C%22responsive_web_grok_imagine_annotation_enabled%22%3Atrue%2C%22responsive_web_grok_share_attachment_enabled%22%3Atrue%2C%22responsive_web_grok_show_grok_translated_post%22%3Atrue%2C%22responsive_web_jetfuel_frame%22%3Atrue%2C%22responsive_web_profile_redirect_enabled%22%3Afalse%2C%22responsive_web_twitter_article_tweet_consumption_enabled%22%3Atrue%2C%22rweb_tipjar_consumption_enabled%22%3Afalse%2C%22rweb_video_screen_enabled%22%3Afalse%2C%22standardized_nudges_misinfo%22%3Atrue%2C%22tweet_awards_web_tipping_enabled%22%3Afalse%2C%22tweet_with_visibility_results_prefer_gql_limited_actions_policy_enabled%22%3Atrue%2C%22verified_phone_label_enabled%22%3Afalse%2C%22view_counts_everywhere_api_enabled%22%3Atrue%7D,ListLatestTweetsTimeline,200,165,499,
